Aalto University,Columbia University
Aalto University,Columbia University
Aarhus University,University of Iowa
Acadia University,University of Pennsylvania
Acadia University,University of Texas Austin
Auburn University,Georgia Southern University
Auburn University,Virginia Polytechnic Institute & State University
Australian National University,University of Florida
Australian National University,University of Western Australia
Australian National University,University of Minnesota Twin Cities
Boston University,Harvard University
Boston University,University of London
Boston University,University College London
Bowling Green State University,Hungarian Alfred Renyi Institute of Mathematics
Bowling Green State University,Hungarian Alfred Renyi Institute of Mathematics
Carnegie Mellon University,University of California Berkeley
Carnegie Mellon University,University of Minnesota Twin Cities
Carnegie Mellon University,Columbia University
Carnegie Mellon University,University of Toronto
Carnegie Mellon University,University of Toronto
Carnegie Mellon University,University of Sheffield
Chinese University of Hong Kong,University of California Los Angeles
Chinese University of Hong Kong,University of Wisconsin Madison
Chinese University of Hong Kong,University of California Los Angeles
Chinese University of Hong Kong,Pennsylvania State University - University Park
Colorado State University,University of Washington Seattle
Colorado State University,University of California Davis
Colorado State University,University of California Davis
Columbia University,York University - Canada
Columbia University,University of Chicago
Columbia University,Harvard University
Columbia University,University of Chicago
Columbia University,Iowa State University
Columbia University,Sapienza University Rome
Columbia University,Aalto University
Columbia University,Indiana University Bloomington
Columbia University,University of California Berkeley
Columbia University,University of Minnesota Twin Cities
Columbia University,Harvard University
Columbia University,Sapienza University Rome
Columbia University,University of California Berkeley
Columbia University,National Institutes of Health (NIH) - USA
Columbia University,University of Minnesota Twin Cities
Columbia University,University of Cambridge
Columbia University,NIH National Heart Lung & Blood Institute (NHLBI)
Columbia University,Harvard University
Columbia University,SUNY Community College
Columbia University,State University of New York (SUNY) Stony Brook
Columbia University,University of Toronto
Columbia University,University of Toronto
Cornell University,Harvard University
Cornell University,Harvard University
Dana-Farber Cancer Institute,Harvard University
Dana-Farber Cancer Institute,Harvard University
Dana-Farber Cancer Institute,Boston University
Dana-Farber Cancer Institute,Boston University
Dana-Farber Cancer Institute,Harvard University
Dana-Farber Cancer Institute,Worcester Polytechnic Institute
Dortmund University of Technology,Columbia University
Drexel University,Johns Hopkins University
Drexel University,Johns Hopkins University
Drexel University,Johns Hopkins University
Duke University,Harvard University
Duke University,University of Miami
Erasmus University Rotterdam,University of Virginia
Flinders University South Australia,Colorado State University
Georgia Institute of Technology,University of Wisconsin Madison
Georgia Southern University,Virginia Polytechnic Institute & State University
Harvard University,Massachusetts Institute of Technology (MIT)
Harvard University,Massachusetts Institute of Technology (MIT)
Harvard University,Boston University
Harvard University,Dana-Farber Cancer Institute
Harvard University,Dana-Farber Cancer Institute
Harvard University,Massachusetts Institute of Technology (MIT)
Harvard University,Massachusetts Institute of Technology (MIT)
Harvard University,University of Chicago
Harvard University,University of Chicago
Harvard University,Princeton University
Harvard University,University of California Berkeley
Harvard University,University of Illinois Urbana-Champaign
Harvard University,University of Milan
Harvard University,Texas A&M University College Station
Harvard University,Princeton University
Harvard University,Temple University
Harvard University,University of Chicago
Harvard University,University of Michigan
Harvard University,University of Trieste
Harvard University,Boston University
Harvard University,Dana-Farber Cancer Institute
Harvard University,Dana-Farber Cancer Institute
Harvard University,University of California Berkeley
Harvard University,Boston University
Harvard University,University of California Berkeley
Harvard University,Worcester Polytechnic Institute
Harvard University,Pennsylvania State University - University Park
Harvard University,Aalto University
Harvard University,University of Milan
Harvard University,Johns Hopkins University
Harvard University,University of Trieste
Harvard University,Boston University
Harvard University,University of Trieste
Harvard University,Johns Hopkins University
Harvard University,Dana-Farber Cancer Institute
Harvard University,Boston University
Harvard University,Dana-Farber Cancer Institute
Harvard University,Dana-Farber Cancer Institute
Harvard University,Boston University
Harvard University,Schering-Plough Research Institute
Harvard University,Worcester Polytechnic Institute
Harvard University,Johns Hopkins University
Harvard University,Rutgers State University New Brunswick
Harvard University,University of California Los Angeles
Harvard University,University of Miami
Harvard University,University of California Los Angeles
Hebrew University of Jerusalem,University of Rochester
Hebrew University of Jerusalem,UDICE-French Research Universities
Hebrew University of Jerusalem,Sorbonne Universite
Hopital Universitaire Pitie-Salpetriere - APHP,Institut National de la Sante et de la Recherche Medicale (Inserm)
Hopital Universitaire Pitie-Salpetriere - APHP,UDICE-French Research Universities
Hopital Universitaire Pitie-Salpetriere - APHP,Sorbonne Universite
Imperial College London,University of London
Imperial College London,University of Oxford
Imperial College London,University of Cambridge
Imperial College London,University of Minnesota Twin Cities
Imperial College London,University of Bremen
Indian Institute of Management Ahmedabad,Harvard University
Indian Institute of Management Ahmedabad,Dana-Farber Cancer Institute
Indian Statistical Institute Kolkata,Northern Arizona University
Indian Statistical Institute Kolkata,University of Oslo
Indian Statistical Institute Kolkata,University of North Carolina Chapel Hill
Indian Statistical Institute Kolkata,Open University - UK
Institut National de la Sante et de la Recherche Medicale (Inserm),UDICE-French Research Universities
Institut National de la Sante et de la Recherche Medicale (Inserm),Universite de Bordeaux
Institut National de la Sante et de la Recherche Medicale (Inserm),UDICE-French Research Universities
Institut National de la Sante et de la Recherche Medicale (Inserm),Sorbonne Universite
Johns Hopkins University,Harvard University
Johns Hopkins University,Harvard University
Johns Hopkins University,University of California Berkeley
Kangwon National University,University of Wisconsin Madison
Kansas State University,Louisiana State University
KIMEP University,University of Gottingen
KIMEP University,University of Gottingen
Lancaster University,University of Toronto
Lancaster University,University of Toronto
Leibniz Institute for Prevention Research & Epidemiology (BIPS),University of Bremen
Leiden University,Leiden University Medical Center (LUMC)
Leiden University,Leiden University Medical Center (LUMC)
Leiden University,Leiden University - Excl LUMC
Leiden University,Leiden University - Excl LUMC
Leiden University,University of Amsterdam
Leiden University,Leiden University Medical Center (LUMC)
Leiden University,Leiden University - Excl LUMC
Leiden University - Excl LUMC,University of Amsterdam
Leiden University Medical Center (LUMC),Leiden University - Excl LUMC
Leiden University Medical Center (LUMC),Leiden University - Excl LUMC
Leiden University Medical Center (LUMC),University of Amsterdam
Louisiana State University,Harvard University
Massachusetts Institute of Technology (MIT),University of Warwick
Massachusetts Institute of Technology (MIT),University of Chicago
Massachusetts Institute of Technology (MIT),University of Texas Austin
Massachusetts Institute of Technology (MIT),University of California Berkeley
Massachusetts Institute of Technology (MIT),Princeton University
Massachusetts Institute of Technology (MIT),Pennsylvania State University - University Park
McGill University,Vanderbilt University
Murdoch Children's Research Institute,University of Melbourne
National Institutes of Health (NIH) - USA,NIH National Cancer Institute (NCI)
National Institutes of Health (NIH) - USA,NIH National Cancer Institute (NCI)
National Institutes of Health (NIH) - USA,NIH National Cancer Institute (NCI)
National Institutes of Health (NIH) - USA,NIH National Cancer Institute (NCI)
National Institutes of Health (NIH) - USA,NIH National Cancer Institute (NCI)
National Institutes of Health (NIH) - USA,NIH National Cancer Institute (NCI)
National Institutes of Health (NIH) - USA,NIH National Cancer Institute (NCI)
National Institutes of Health (NIH) - USA,NIH National Heart Lung & Blood Institute (NHLBI)
Nazarbayev University,KIMEP University
Nazarbayev University,University of Gottingen
Nazarbayev University,University of Gottingen
New York State Psychiatry Institute,Columbia University
New York State Psychiatry Institute,SUNY Community College
New York State Psychiatry Institute,State University of New York (SUNY) Stony Brook
New York State Psychiatry Institute,Columbia University
New York State Psychiatry Institute,SUNY Community College
New York State Psychiatry Institute,State University of New York (SUNY) Stony Brook
New York University,University of California Davis
Northern Arizona University,University of Oslo
Northern Arizona University,Open University - UK
Northwestern University,Carnegie Mellon University
Norwegian Institute of Public Health (NIPH),University of Bergen
Norwegian University of Science & Technology (NTNU),Institut Polytechnique de Paris
Ohio State University,University of Michigan
Open University - UK,Carnegie Mellon University
Open University - UK,University of Sheffield
Oxford University Hospitals NHS Foundation Trust,University of Oxford
Oxford University Hospitals NHS Foundation Trust,University of Birmingham
Peking University,Pennsylvania State University - University Park
Pennsylvania State University - University Park,Harvard University
Pennsylvania State University - University Park,Universite de Orleans
Pennsylvania State University - University Park,University of California Los Angeles
Pennsylvania State University - University Park,University of California Los Angeles Medical Center
Picardie Universites,Universite de Picardie Jules Verne (UPJV)
Picardie Universites,UDICE-French Research Universities
Picardie Universites,Universite Paris Cite
Picardie Universites,Universite de Picardie Jules Verne (UPJV)
Picardie Universites,Universite de Technologie de Compiegne
Picardie Universites,UDICE-French Research Universities
Picardie Universites,Universite Paris Cite
Pompeu Fabra University,University of California Los Angeles
Princeton University,University of Southern California
Princeton University,Chinese University of Hong Kong
Princeton University,University of Southern California
Princeton University,Harvard University
Princeton University,Yale University
Princeton University,Colorado State University
Princeton University,Ohio State University
Princeton University,Johns Hopkins University
Princeton University,University of California Irvine
Princeton University,Harvard University
Princeton University,Johns Hopkins University
Princeton University,Johns Hopkins University
Princeton University,Pennsylvania State University - University Park
PSL Research University Paris,Universite Paris-Dauphine
PSL Research University Paris,UDICE-French Research Universities
PSL Research University Paris,Universite Paris-Dauphine
PSL Research University Paris,Universite Paris-Dauphine
Roma Tre University,Duke University
Rutgers State University New Brunswick,University of Iowa
Rutgers State University New Brunswick,Columbia University
SAS Institute Inc,University of Florida
Schering-Plough Research Institute,Rutgers State University New Brunswick
Smith College,Harvard University
Sorbonne Universite,Universite Paris Cite
Stanford University,Picardie Universites
Stanford University,Princeton University
Stanford University,Universite de Picardie Jules Verne (UPJV)
Stanford University,Harvard University
Stanford University,University of Michigan
Stanford University,UDICE-French Research Universities
Stanford University,Johns Hopkins University
Stanford University,University of California Berkeley
Stanford University,University of Toronto
Stanford University,Universite Paris Cite
Stanford University,Johns Hopkins University
Stanford University,University of California Berkeley
Sunnybrook Research Institute,University Toronto Affiliates
Sunnybrook Research Institute,University Toronto Affiliates
Sunnybrook Research Institute,University Toronto Affiliates
SUNY Community College,State University of New York (SUNY) Stony Brook
SUNY Maritime College,National Institutes of Health (NIH) - USA
SUNY Maritime College,NIH National Cancer Institute (NCI)
Swiss Federal Institutes of Technology Domain,University of Munich
Swiss Federal Institutes of Technology Domain,Hebrew University of Jerusalem
Swiss Federal Institutes of Technology Domain,McMaster University
Swiss Federal Institutes of Technology Domain,University of California Berkeley
Swiss Federal Institutes of Technology Domain,University of California Berkeley
Swiss Federal Institutes of Technology Domain,Yale University
Tel Aviv University,Hebrew University of Jerusalem
Tel Aviv University,University of California Los Angeles
Tel Aviv University,University of Rochester
Tel Aviv University,University of California Los Angeles
Telethon Kids Institute,University of Western Australia
Telethon Kids Institute,University of Western Australia
Telethon Kids Institute,University of Western Australia
Temple University,Princeton University
Texas A&M University College Station,University of California Berkeley
UDICE-French Research Universities,Sorbonne Universite
UDICE-French Research Universities,PSL Research University Paris
UDICE-French Research Universities,Sorbonne Universite
UDICE-French Research Universities,Universite Paris Cite
UDICE-French Research Universities,Universite Paris-Dauphine
UDICE-French Research Universities,PSL Research University Paris
UDICE-French Research Universities,Universite Paris-Dauphine
UDICE-French Research Universities,Universite de Bordeaux
UDICE-French Research Universities,Universite Paris Cite
UDICE-French Research Universities,Institut National de la Sante et de la Recherche Medicale (Inserm)
UDICE-French Research Universities,Universite Paris Saclay
UDICE-French Research Universities,Universite Paris Cite
UDICE-French Research Universities,Universite Paris Cite
UDICE-French Research Universities,PSL Research University Paris
UDICE-French Research Universities,Sorbonne Universite
UDICE-French Research Universities,Universite Paris-Dauphine
UDICE-French Research Universities,Sorbonne Universite
UDICE-French Research Universities,Universite Paris Saclay
Universidade de Lisboa,Duke University
Universidade de Sao Paulo,Universidade Federal de Pernambuco
Universidade de Sao Paulo,University of Connecticut
Universidade de Sao Paulo,Universidade Federal Rural de Pernambuco (UFRPE)
Universidade Federal de Pernambuco,University of Innsbruck
Universita Ca Foscari Venezia,University of Toronto
Universita Ca Foscari Venezia,University of Warwick
Universite Catholique Louvain,Australian National University
Universite Catholique Louvain,University of Minnesota Twin Cities
Universite Catholique Louvain,University of New South Wales Sydney
Universite de Bordeaux,Institut National de la Sante et de la Recherche Medicale (Inserm)
Universite de Picardie Jules Verne (UPJV),UDICE-French Research Universities
Universite de Picardie Jules Verne (UPJV),Universite Paris Cite
Universite de Picardie Jules Verne (UPJV),UDICE-French Research Universities
Universite de Picardie Jules Verne (UPJV),Universite Paris Cite
Universite Paris-Dauphine,UDICE-French Research Universities
Universite Paris-Dauphine,PSL Research University Paris
Universite Paris Cite,UDICE-French Research Universities
Universite Paris Cite,Universite Paris Saclay
University College Dublin,University of Washington Seattle
University College London,University of Cambridge
University of Aberdeen,University of West England
University of Aberdeen,University of Karachi
University of Adelaide,University of Kent
University of Alabama Tuscaloosa,Southern Illinois University Edwardsville
University of Amsterdam,Erasmus University Rotterdam
University of Arizona,University of California Berkeley
University of Auckland,Oregon State University
University of Basel,Vienna University of Economics & Business
University of Basel,Stanford University
University of Bath,University of California San Diego
University of Bristol,Columbia University
University of Bristol,Institut National de la Sante et de la Recherche Medicale (Inserm)
University of Bristol,Nazarbayev University
University of Bristol,University of Warwick
University of Bristol,Swiss Federal Institutes of Technology Domain
University of Bristol,KIMEP University
University of Bristol,University of Gottingen
University of Bristol,University of Gottingen
University of Bristol,Queensland University of Technology (QUT)
University of British Columbia,National University of Singapore
University of California Berkeley,Hebrew University of Jerusalem
University of California Berkeley,University of Copenhagen
University of California Berkeley,Carnegie Mellon University
University of California Berkeley,Duke University
University of California Berkeley,University of Michigan
University of California Berkeley,University of Michigan
University of California Berkeley,University of California San Diego
University of California Berkeley,Carnegie Mellon University
University of California Berkeley,Harvard University
University of California Berkeley,UDICE-French Research Universities
University of California Berkeley,University of Miami
University of California Berkeley,Sorbonne Universite
University of California Berkeley,Johns Hopkins University
University of California Berkeley,University of Auckland
University of California Berkeley,Oregon State University
University of California Berkeley,Yale University
University of California Davis,University of Waterloo
University of California Davis,University of Gottingen
University of California Los Angeles,University of California Los Angeles Medical Center
University of California Los Angeles,University of South Carolina
University of California Los Angeles,Harvard University
University of California Los Angeles,University of California Berkeley
University of California Los Angeles,Harvard University
University of California Los Angeles,University of Auckland
University of California Los Angeles,University of South Carolina Columbia
University of California Los Angeles,Pennsylvania State University - University Park
University of California Los Angeles,Oregon State University
University of California Los Angeles,Pennsylvania State University - University Park
University of California Los Angeles,University of London
University of California Los Angeles,University of California Los Angeles Medical Center
University of California San Diego,University of Southern California
University of California San Francisco,Stanford University
University of California San Francisco,Stanford University
University of Cambridge,Columbia University
University of Cambridge,University of Jinan
University of Cambridge,University of Hong Kong
University of Cambridge,University of London
University of Cambridge,Imperial College London
University of Cambridge,University of St Andrews
University of Cambridge,Murdoch Children's Research Institute
University of Cambridge,University of London
University of Cambridge,Imperial College London
University of Cambridge,University of Melbourne
University of Cambridge,University of Minnesota Twin Cities
University of Cambridge,University College London
University of Cambridge,University of Bremen
University of Chicago,Stanford University
University of Chicago,Chinese University of Hong Kong
University of Chicago,University of Pittsburgh
University of Chicago,University of Texas Austin
University of Chicago,Western University (University of Western Ontario)
University of Chicago,University of Pennsylvania
University of Chicago,Iowa State University
University of Connecticut,North Carolina State University
University of Connecticut,Universidade de Sao Paulo
University of Copenhagen,Aarhus University
University of Copenhagen,Utrecht University
University of Erlangen Nuremberg,Vrije Universiteit Amsterdam
University of Erlangen Nuremberg,Swiss Federal Institutes of Technology Domain
University of Erlangen Nuremberg,University of California Berkeley
University of Erlangen Nuremberg,Yale University
University of Florida,Harvard University
University of Florida,University of Iowa
University of Florida,University of Western Australia
University of Helsinki,Finnish Meteorological Institute
University of Hong Kong,University of London
University of Illinois Chicago,University of Illinois Chicago Hospital
University of Illinois Chicago,University of Illinois Chicago Hospital
University of Illinois Chicago,University of Illinois Chicago Hospital
University of Illinois Urbana-Champaign,Universidade Nova de Lisboa
University of Illinois Urbana-Champaign,Universidade de Lisboa
University of Illinois Urbana-Champaign,Duke University
University of Iowa,University of Kentucky
University of Iowa,University of Florida
University of Jinan,University of Hong Kong
University of Jinan,University of London
University of Kentucky,University of Iowa
University of London,University College London
University of London,University College London
University of London,University College London
University of London,University College London
University of London,University of Oxford
University of London,University College London
University of London,University College London
University of London,University College London
University of London,University of Cambridge
University of Maine Orono,University of New Brunswick
University of Manitoba,Children's Hospital Research Institute of Manitoba
University of Maryland College Park,University of California Los Angeles
University of Maryland College Park,University of North Carolina Chapel Hill
University of Massachusetts Amherst,Leiden University
University of Massachusetts Amherst,Leiden University - Excl LUMC
University of Miami,University of California Berkeley
University of Miami,University of California Berkeley
University of Michigan,University of Chicago
University of Michigan,Vrije Universiteit Amsterdam
University of Michigan,University of California Berkeley
University of Michigan,University of Toronto
University of Michigan,Yale University
University of Milan,Harvard University
University of Milan,University of Trieste
University of Milan,University of Trieste
University of Minnesota Twin Cities,Stanford University
University of Minnesota Twin Cities,University of Nebraska Medical Center
University of Minnesota Twin Cities,North Carolina State University
University of Minnesota Twin Cities,Pennsylvania State University - University Park
University of Minnesota Twin Cities,University of Nebraska Medical Center
University of Minnesota Twin Cities,Columbia University
University of Minnesota Twin Cities,University of Toronto
University of Minnesota Twin Cities,University of Toronto
University of Minnesota Twin Cities,Harvard University
University of Minnesota Twin Cities,University of Bremen
University of Munich,European University Institute
University of Munich,Vrije Universiteit Amsterdam
University of Munich,Johannes Gutenberg University of Mainz
University of Nebraska Lincoln,University of Tennessee Knoxville
University of Nebraska Lincoln,UT Institute of Agriculture
University of New Brunswick,Indian Institute of Technology (IIT) - Kanpur
University of New Brunswick,Indian Institute of Technology (IIT) - Kanpur
University of North Carolina Chapel Hill,University of New South Wales Sydney
University of North Carolina Chapel Hill,Universite Catholique Louvain
University of North Carolina Chapel Hill,Chinese University of Hong Kong
University of North Carolina Chapel Hill,SAS Institute Inc
University of North Carolina Chapel Hill,University of New South Wales Sydney
University of North Carolina Chapel Hill,University of Michigan
University of North Carolina Chapel Hill,Texas A&M University College Station
University of North Carolina Chapel Hill,Yale University
University of North Carolina Chapel Hill,University of Florida
University of North Carolina Charlotte,University of California Los Angeles
University of North Carolina Charlotte,University of London
University of Oslo,Norwegian Institute of Public Health (NIPH)
University of Oslo,University of Bergen
University of Oslo,Norwegian Institute of Public Health (NIPH)
University of Oslo,University of Bergen
University of Oslo,Open University - UK
University of Oxford,Swiss Federal Institutes of Technology Domain
University of Oxford,Cornell University
University of Oxford,Imperial College London
University of Oxford,McGill University
University of Oxford,Vanderbilt University
University of Oxford,University of Freiburg
University of Oxford,University of Birmingham
University of Padua,University of Bologna
University of Padua,University of Bologna
University of Pennsylvania,Shanghai Jiao Tong University
University of Pennsylvania,Purdue University West Lafayette Campus
University of Pennsylvania,University of Texas Austin
University of Perugia,University College Dublin
University of Perugia,University of Washington Seattle
University of Pittsburgh,University of California Berkeley
University of Pittsburgh,Indian Statistical Institute Kolkata
University of Pittsburgh,Western University (University of Western Ontario)
University of Pittsburgh,University of Pennsylvania
University of South Carolina,University of South Carolina Columbia
University of Southampton,University of Connecticut
University of Southampton,Universidade de Sao Paulo
University of Southern Denmark,Aalborg University
University of St Andrews,Imperial College London
University of Sydney,Wageningen University & Research
University of Sydney,Macquarie University
University of Tennessee Knoxville,UT Institute of Agriculture
University of Texas Austin,University of Chicago
University of Texas Austin,University of Chicago
University of Texas Austin,University of California Berkeley
University of Toronto,Duke University
University of Toronto,Michigan State University
University of Toronto,Sunnybrook Research Institute
University of Toronto,Sunnybrook Research Institute
University of Toronto,Sunnybrook Research Institute
University of Toronto,University Toronto Affiliates
University of Toronto,University Toronto Affiliates
University of Toronto,University of Manitoba
University of Toronto,University Toronto Affiliates
University of Toronto,Children's Hospital Research Institute of Manitoba
University of Toronto,University of Warwick
University of Toronto,Sunnybrook Research Institute
University of Toronto,Sunnybrook Research Institute
University of Toronto,Sunnybrook Research Institute
University of Toronto,University Toronto Affiliates
University of Toronto,University Toronto Affiliates
University of Toronto,University of Manitoba
University of Toronto,University Toronto Affiliates
University of Toronto,Children's Hospital Research Institute of Manitoba
University of Toronto,Sunnybrook Research Institute
University of Toronto,Sunnybrook Research Institute
University of Toronto,Sunnybrook Research Institute
University of Toronto,University Toronto Affiliates
University of Toronto,University Toronto Affiliates
University of Toronto,University of Manitoba
University of Toronto,University Toronto Affiliates
University of Toronto,Children's Hospital Research Institute of Manitoba
University of Toronto,University of Manitoba
University of Toronto,Children's Hospital Research Institute of Manitoba
University of Valencia,Yale University
University of Washington Seattle,University of Waterloo
University of Washington Seattle,National Institutes of Health (NIH) - USA
University of Washington Seattle,University of Bristol
University of Washington Seattle,Harvard University
University of Washington Seattle,Simon Fraser University
University of Washington Seattle,NIH National Cancer Institute (NCI)
University of Washington Seattle,Queensland University of Technology (QUT)
University of Washington Seattle,Schering-Plough Research Institute
University of Washington Seattle,Rutgers State University New Brunswick
University of Waterloo,University of Wisconsin Madison
University of Waterloo,University of Texas Austin
University of Waterloo,National Institute of Standards & Technology (NIST) - USA
University of Waterloo,University of Chicago
University of Waterloo,University of Gottingen
University of West England,University of Karachi
University of West Florida,Virginia Polytechnic Institute & State University
University of Western Australia,Telethon Kids Institute
University of Western Australia,Telethon Kids Institute
University of Western Australia,Telethon Kids Institute
University of Wisconsin Madison,University of Chicago
University of Wisconsin Madison,University of Chicago
University of Wisconsin Madison,University of Washington Seattle
University of Wisconsin Madison,Harvard University
University of Wisconsin Madison,National Institute of Standards & Technology (NIST) - USA
University of Wisconsin Madison,University of California Los Angeles
University of Wisconsin Madison,Harvard University
Utrecht University,University of Copenhagen
Utrecht University,Louisiana State University
Utrecht University,Harvard University
Vienna University of Economics & Business,University of Basel
Vienna University of Economics & Business,Stanford University
Virginia Polytechnic Institute & State University,University of West Florida
Washington State University,University of California Los Angeles
Western University (University of Western Ontario),University of Pennsylvania
Worcester Polytechnic Institute,University of Oregon
Xiamen University,Pennsylvania State University - University Park
York University - Canada,Indiana University Bloomington
